age_group,artist,track,listens
Adult (18-59),Kanye West,Love Lockdown,2367
Adult (18-59),Kanye West,Heartless,2249
Adult (18-59),Kanye West,Say You Will,2150
Adult (18-59),Kanye West,Coldest Winter,2130
Adult (18-59),Kanye West,Paranoid (Feat. Mr. Hudson),2123
Adult (18-59),Kanye West,Welcome To Heartbreak (Feat. Kid Cudi),2119
Adult (18-59),Kanye West,Amazing (Feat. Young Jeezy),2106
Adult (18-59),Kanye West,See You In My Nightmares,2090
Adult (18-59),Kanye West,Bad News,2085
Adult (18-59),Kanye West,Pinocchio Story (Freestyle Live From Singapore),2074
Young (13-17),System Of A Down,Needles,146
Young (13-17),The Kooks,Naïve,143
Young (13-17),Klaxons,Gravity'S Rainbow,127
Young (13-17),System Of A Down,Jet Pilot,126
Young (13-17),System Of A Down,Deer Dance,120
Young (13-17),Skindred,Nobody,116
Young (13-17),System Of A Down,X,114
Young (13-17),Arctic Monkeys,Fluorescent Adolescent,114
Young (13-17),System Of A Down,Soldier Side,111
Young (13-17),Arctic Monkeys,I Bet You Look Good On The Dancefloor,108
Kids (5-12),Colour Of Fire,Hatemail,20
Kids (5-12),White Rose Movement,Idiot Drugs,18
Kids (5-12),Colour Of Fire,The Company Won'T Colour Me,18
Kids (5-12),The Libertines,What A Waster,17
Kids (5-12),White Rose Movement,Love Is A Number,17
Kids (5-12),Shout Out Louds,Wish I Was Dead,17
Kids (5-12),Shout Out Louds,Very Loud,17
Kids (5-12),White Rose Movement,Test Card Girl,16
Kids (5-12),Maxïmo Park,Going Missing,15
Kids (5-12),Maxïmo Park,Apply Some Pressure,14
Elder (60-80),Pavement,Here,34
Elder (60-80),M.I.A.,Bamboo Banga,27
Elder (60-80),M.I.A.,Jimmy,23
Elder (60-80),M.I.A.,Boyz,23
Elder (60-80),Pavement,In The Mouth A Desert,23
Elder (60-80),M.I.A.,Bird Flu,21
Elder (60-80),M.I.A.,Paper Planes,21
Elder (60-80),Jens Lekman,A Postcard To Nina,20
Elder (60-80),Jens Lekman,The Opposite Of Hallelujah,20
Elder (60-80),Pavement,Loretta'S Scars,20
